,id,created,superceded_id,valid,score,pre_pt_supervoxel_id,pre_pt_root_id,post_pt_supervoxel_id,post_pt_root_id,pre_pt_position,post_pt_position
0,13044243,2022-11-17 14:28:59.843347+00:00,,t,24,73819975282191681,648518346497366296,73819975282174175,648518346478173909,[52185 95641  3007],[52199 95677  3007]
1,8630151,2022-11-17 14:28:59.843347+00:00,,t,39,73820043800453459,648518346497366296,73820043800469283,648518346478173909,[51341 96611  2689],[51351 96643  2689]
2,13125026,2022-11-17 14:28:59.843347+00:00,,t,13,73890343824975426,648518346497366296,73890343824985451,648518346478173909,[54243 94559  2610],[54251 94533  2610]
3,4866626,2022-11-17 14:28:59.843347+00:00,,t,26,73890344093398087,648518346497366296,73890344093389172,648518346478173909,[53981 95005  3118],[53989 95045  3119]
4,5267710,2022-11-17 14:28:59.843347+00:00,,t,33,74172162734531419,648518346499537502,74172162734557816,648518346478173909,[ 62075 105981   3252],[ 62105 105963   3253]
5,20495767,2022-11-17 14:28:59.843347+00:00,,t,39,73890275105585296,648518346497366296,73890275105595573,648518346478173909,[54165 93225  2658],[54159 93201  2659]
6,39434161,2022-11-17 14:28:59.843347+00:00,,t,22,73960850008128991,648518346497366296,73960850008144679,648518346478173909,[55931 98419  2634],[55905 98409  2634]
7,40550259,2022-11-17 14:28:59.843347+00:00,,t,16,73890275038350902,648518346497366296,73890275038358769,648518346478173909,[53741 92183  2475],[53705 92187  2477]
8,43856740,2022-11-17 14:28:59.843347+00:00,,t,28,73961124416404009,648518346500455861,73961124416408843,648518346478173909,[ 55333 108177   1767],[ 55359 108171   1767]
9,966032,2022-11-17 14:28:59.843347+00:00,,t,25,73609212579986523,648518346497328001,73609212579971636,648518346478173909,[ 45943 104731   2911],[ 45975 104727   2912]
10,14884693,2022-11-17 14:28:59.843347+00:00,,t,37,73890275105561134,648518346497328001,73890275105574586,648518346478173909,[54301 92881  2651],[54317 92855  2652]
11,14884710,2022-11-17 14:28:59.843347+00:00,,t,16,73890275105603019,648518346497328001,73890275105605662,648518346478173909,[54333 92891  2659],[54331 92923  2659]
12,19008799,2022-11-17 14:28:59.843347+00:00,,t,35,73820112452810553,648518346497328001,73820112452818266,648518346478173909,[53175 99369  2556],[53203 99351  2557]
13,15517345,2022-11-17 14:28:59.843347+00:00,,t,36,73820043800445305,648518346497328001,73820043800502525,648518346478173909,[52999 97769  2691],[52983 97795  2692]
14,15988556,2022-11-17 14:28:59.843347+00:00,,t,45,73890412544631672,648518346497328001,73890412544629267,648518346478173909,[53683 97931  2677],[53661 97905  2677]
15,25209335,2022-11-17 14:28:59.843347+00:00,,t,34,73609143860537701,648518346497328001,73609143860573986,648518346478173909,[ 46551 104415   2930],[ 46549 104419   2932]
16,4304307,2022-11-17 14:28:59.843347+00:00,,t,54,73890549983571432,648518346477790990,73890549983562222,648518346478173909,[ 54709 101171   2665],[ 54733 101189   2665]
17,43856939,2022-11-17 14:28:59.843347+00:00,,t,19,73961124416379618,648518346489893207,73961124416408480,648518346478173909,[ 55807 107547   1756],[ 55785 107559   1758]
18,26487606,2022-11-17 14:28:59.843347+00:00,,t,36,73961124416311548,648518346489893207,73961124416296585,648518346478173909,[ 56317 107359   1722],[ 56337 107383   1722]
19,8630366,2022-11-17 14:28:59.843347+00:00,,t,19,73820043800484659,648518346497366296,73820043800464560,648518346478173909,[51565 96663  2692],[51575 96637  2691]
20,4866654,2022-11-17 14:28:59.843347+00:00,,t,17,73890344093389153,648518346497366296,73890344093378037,648518346478173909,[54021 95001  3116],[54027 95035  3117]
21,11342397,2022-11-17 14:28:59.843347+00:00,,t,14,73890344093318640,648518346497366296,73890344093175862,648518346478173909,[53749 95901  3089],[53735 95885  3088]
22,36075640,2022-11-17 14:28:59.843347+00:00,,t,44,73890343959309460,648518346497366296,73890343959309438,648518346478173909,[54183 95615  2912],[54193 95581  2912]
23,22802295,2022-11-17 14:28:59.843347+00:00,,t,17,73819975349256785,648518346515812858,73819975349246257,648518346478173909,[52613 95721  3130],[52627 95753  3130]
24,16042258,2022-11-17 14:28:59.843347+00:00,,t,18,73961262392308025,648518346479582400,73961262392322934,648518346478173909,[ 56613 112241   2821],[ 56643 112237   2821]
25,5811818,2022-11-17 14:28:59.843347+00:00,,t,16,73890549916532230,648518346490434652,73890549916508256,648518346478173909,[ 54919 101365   2568],[ 54909 101327   2568]
26,27163101,2022-11-17 14:28:59.843347+00:00,,t,65,73890343825155866,648518346490434652,73890343825164097,648518346478173909,[54321 95621  2680],[54293 95613  2681]
27,42780181,2022-11-17 14:28:59.843347+00:00,,t,13,73890343959301392,648518346497048472,73890343959298777,648518346478173909,[54733 95791  2902],[54717 95815  2904]
28,22649373,2022-11-17 14:28:59.843347+00:00,,t,17,73961262392141155,648518346479582400,73961262392095358,648518346478173909,[ 55301 111695   2753],[ 55333 111683   2753]
29,8630463,2022-11-17 14:28:59.843347+00:00,,t,14,73820043800271074,648518346490434652,73820043800253978,648518346478173909,[51669 96841  2609],[51663 96813  2610]
30,17667004,2022-11-17 14:28:59.843347+00:00,,t,17,73749675123443431,648518346494696875,73749675123424024,648518346478173909,[51077 96913  2818],[51071 96883  2818]
31,8081196,2022-11-17 14:28:59.843347+00:00,,t,18,73609212512913439,648518346491632145,73609212512920370,648518346478173909,[ 46785 104965   2797],[ 46759 104965   2799]
32,8081266,2022-11-17 14:28:59.843347+00:00,,t,36,73609212512897011,648518346491632145,73609212512920370,648518346478173909,[ 46887 105033   2802],[ 46865 105065   2802]
33,14884882,2022-11-17 14:28:59.843347+00:00,,t,17,73890275105675745,648518346475573684,73890275105665807,648518346478173909,[54545 93183  2689],[54567 93167  2688]
34,3798264,2022-11-17 14:28:59.843347+00:00,,t,20,73890274837273876,648518346467165191,73890274837267822,648518346478173909,[53897 92763  2179],[53881 92735  2180]
35,3798299,2022-11-17 14:28:59.843347+00:00,,t,28,73890274837197456,648518346489559639,73890274837212815,648518346478173909,[53965 92655  2149],[53939 92677  2150]
36,6503793,2022-11-17 14:28:59.843347+00:00,,t,20,73819975013850589,648518346490434652,73819975013878710,648518346478173909,[52225 96171  2540],[52209 96155  2542]
37,8081191,2022-11-17 14:28:59.843347+00:00,,t,38,73609212512932718,648518346497328001,73609212512946841,648518346478173909,[ 46753 105297   2811],[ 46757 105327   2812]
38,24478058,2022-11-17 14:28:59.843347+00:00,,t,16,73960643849662804,648518346478528340,73960643849621947,648518346478173909,[55357 92913  2606],[55335 92899  2606]
39,24478123,2022-11-17 14:28:59.843347+00:00,,t,27,73960643849652718,648518346479717014,73960643849642971,648518346478173909,[55523 93185  2609],[55501 93175  2608]
40,30955213,2022-11-17 14:28:59.843347+00:00,,t,22,73890274904319445,648518346467165191,73890274904335342,648518346478173909,[54189 92943  2293],[54211 92965  2293]
41,18687570,2022-11-17 14:28:59.843347+00:00,,t,21,73960575130365945,648518346524168965,73960575130410520,648518346478173909,[55611 91977  2677],[55637 91965  2678]
42,4303886,2022-11-17 14:28:59.843347+00:00,,t,34,73890549983436966,648518346494222706,73890549983422459,648518346478173909,[ 54391 100605   2612],[ 54363 100597   2612]
43,4303887,2022-11-17 14:28:59.843347+00:00,,t,35,73890549983427407,648518346494222706,73890549983422459,648518346478173909,[ 54397 100647   2606],[ 54365 100635   2607]
44,4303916,2022-11-17 14:28:59.843347+00:00,,t,55,73890549983476387,648518346494222706,73890549983451981,648518346478173909,[ 54427 100659   2622],[ 54399 100641   2622]
45,4303922,2022-11-17 14:28:59.843347+00:00,,t,66,73890549983476387,648518346494222706,73890549983473692,648518346478173909,[ 54429 100691   2627],[ 54399 100675   2627]
46,4303808,2022-11-17 14:28:59.843347+00:00,,t,19,73890549983538311,648518346497968794,73890549983516323,648518346478173909,[ 54293 101243   2643],[ 54295 101277   2642]
47,4303861,2022-11-17 14:28:59.843347+00:00,,t,12,73890549983526112,648518346497968794,73890549983518857,648518346478173909,[ 54339 101339   2647],[ 54345 101321   2645]
48,1915087,2022-11-17 14:28:59.843347+00:00,,t,12,74172231386990918,648518346514074334,74172231386988373,648518346478173909,[ 62217 108441   3143],[ 62199 108421   3143]
49,7292357,2022-11-17 14:28:59.843347+00:00,,t,27,74031493160602141,648518346467165191,73961124416402279,648518346478173909,[ 57361 108513   1761],[ 57333 108507   1763]
50,15138350,2022-11-17 14:28:59.843347+00:00,,t,12,73679581122908162,648518346504748934,73679581122897795,648518346478173909,[ 49021 104517   2552],[ 49061 104507   2552]
51,13124822,2022-11-17 14:28:59.843347+00:00,,t,14,73890343825042592,648518346497328001,73890343825039978,648518346478173909,[53959 94345  2633],[53997 94351  2633]
52,566274,2022-11-17 14:28:59.843347+00:00,,t,32,73890206386193955,648518346483283902,73890206386220398,648518346478173909,[53831 91895  2681],[53811 91873  2681]
53,566299,2022-11-17 14:28:59.843347+00:00,,t,26,73890206386183782,648518346483283902,73890206386220398,648518346478173909,[53865 91891  2682],[53843 91871  2683]
54,8630360,2022-11-17 14:28:59.843347+00:00,,t,25,73820043800249230,648518346490434652,73820043800263334,648518346478173909,[51587 96867  2606],[51569 96845  2608]
55,12858624,2022-11-17 14:28:59.843347+00:00,,t,54,73890481196987377,648518346479717014,73890481196982058,648518346478173909,[53307 99269  2555],[53307 99307  2555]
56,14884925,2022-11-17 14:28:59.843347+00:00,,t,23,73890275105537573,648518346479717014,73890275105550168,648518346478173909,[54635 92615  2634],[54625 92595  2635]
57,28025759,2022-11-17 14:28:59.843347+00:00,,t,14,73749605933889616,648518346467165191,73749605933864593,648518346478173909,[50589 94697  1811],[50613 94719  1811]
58,38685887,2022-11-17 14:28:59.843347+00:00,,t,34,73819975013760646,648518346479717014,73819975013758131,648518346478173909,[52423 95669  2504],[52405 95689  2504]
59,8519315,2022-11-17 14:28:59.843347+00:00,,t,15,73960643849712500,648518346466654318,73960643849698854,648518346478173909,[56143 93495  2627],[56169 93523  2628]
60,14884929,2022-11-17 14:28:59.843347+00:00,,t,14,73890275105552800,648518346479717014,73890275105550168,648518346478173909,[54645 92643  2644],[54631 92611  2644]
61,30918870,2022-11-17 14:28:59.843347+00:00,,t,33,74031493160580993,648518346467165191,74031493160585745,648518346478173909,[ 57357 108499   1752],[ 57357 108473   1752]
62,34174618,2022-11-17 14:28:59.843347+00:00,,t,27,73819905958823009,648518346497577462,73819905958802677,648518346478173909,[52783 93583  1883],[52809 93589  1882]
63,40901369,2022-11-17 14:28:59.843347+00:00,,t,24,73679443817918056,648518346493950475,73679443817937691,648518346478173909,[ 48775 101467   2715],[ 48779 101493   2717]
64,41287744,2022-11-17 14:28:59.843347+00:00,,t,34,73890481263980179,648518346466684782,73890481263996771,648518346478173909,[ 54205 100147   2623],[ 54179 100165   2624]
65,8630717,2022-11-17 14:28:59.843347+00:00,,t,23,73820043800320303,648518346490434652,73820043800307362,648518346478173909,[52149 96817  2630],[52119 96809  2631]
66,30932057,2022-11-17 14:28:59.843347+00:00,,t,23,73960987379817251,648518346486520964,73960987379842969,648518346478173909,[ 55543 102425   2448],[ 55553 102447   2450]
67,30932060,2022-11-17 14:28:59.843347+00:00,,t,18,73960918660379788,648518346491556776,73960987379866856,648518346478173909,[ 55537 102379   2461],[ 55553 102427   2461]
68,28025762,2022-11-17 14:28:59.843347+00:00,,t,14,73749605933944430,648518346467165191,73749605933927278,648518346478173909,[50639 94677  1843],[50615 94701  1844]
70,18161704,2022-11-17 14:28:59.843347+00:00,,t,27,73890549916277304,648518346511423797,73890549916279737,648518346478173909,[ 55039 102023   2481],[ 55055 102051   2481]
71,18596854,2022-11-17 14:28:59.843347+00:00,,t,34,73890549983571782,648518346511423797,73890549983538684,648518346478173909,[ 54277 101835   2655],[ 54269 101805   2656]
72,356651,2022-11-17 14:28:59.843347+00:00,,t,28,73890550050491309,648518346486764003,73890550050484067,648518346478173909,[ 54973 101037   2720],[ 54933 101037   2720]
73,12917236,2022-11-17 14:28:59.843347+00:00,,t,23,73749743708648875,648518346518660319,73749743708637727,648518346478173909,[50573 99075  2551],[50597 99073  2550]
74,515801,2022-11-17 14:28:59.843347+00:00,,t,26,73749812629419932,648518346497366296,73749812629407386,648518346478173909,[ 49195 102281   2909],[ 49197 102319   2909]
75,527488,2022-11-17 14:28:59.843347+00:00,,t,33,73961262458943096,648518346497328001,73961262458943908,648518346478173909,[ 56715 112189   2828],[ 56689 112195   2828]
76,566510,2022-11-17 14:28:59.843347+00:00,,t,27,73890206386198990,648518346493805304,73890206386180881,648518346478173909,[54135 91555  2677],[54133 91587  2677]
77,22802518,2022-11-17 14:28:59.843347+00:00,,t,35,73819975349001133,648518346490333960,73819975349165944,648518346478173909,[53085 96069  3103],[53093 96105  3103]
78,22802414,2022-11-17 14:28:59.843347+00:00,,t,23,73819975349075627,648518346490333960,73819975349157402,648518346478173909,[52881 96055  3095],[52865 96083  3096]
79,4304493,2022-11-17 14:28:59.843347+00:00,,t,33,73890549983588263,648518346486764003,73890549983590705,648518346478173909,[ 55087 100771   2672],[ 55059 100757   2674]
80,4304005,2022-11-17 14:28:59.843347+00:00,,t,20,73890549983510838,648518346466684782,73890549983479031,648518346478173909,[ 54509 100593   2629],[ 54473 100607   2629]
81,4304037,2022-11-17 14:28:59.843347+00:00,,t,13,73890549983407865,648518346494222706,73890549983366394,648518346478173909,[ 54467 101313   2591],[ 54505 101307   2590]
82,4304347,2022-11-17 14:28:59.843347+00:00,,t,51,73890549983350582,648518346472231218,73890549983325907,648518346478173909,[ 54775 101349   2582],[ 54805 101361   2582]
83,4304372,2022-11-17 14:28:59.843347+00:00,,t,21,73890549983557134,648518346387843308,73890549983573678,648518346478173909,[ 54817 101193   2664],[ 54833 101185   2666]
84,4303862,2022-11-17 14:28:59.843347+00:00,,t,17,73890549983439041,648518346494222706,73890549983442244,648518346478173909,[ 54367 100493   2613],[ 54345 100501   2615]
85,4303869,2022-11-17 14:28:59.843347+00:00,,t,35,73890549983465228,648518346504748934,73890549983473692,648518346478173909,[ 54329 100705   2624],[ 54357 100711   2624]
86,4304400,2022-11-17 14:28:59.843347+00:00,,t,23,73890549983696037,648518346486666236,73890549983677000,648518346478173909,[ 54851 101111   2693],[ 54863 101095   2692]
87,4304403,2022-11-17 14:28:59.843347+00:00,,t,18,73890549983566604,648518346472231218,73890549983568817,648518346478173909,[ 54883 100607   2663],[ 54869 100653   2664]
88,8342816,2022-11-17 14:28:59.843347+00:00,,t,43,73819974879637890,648518346467165191,73819974879629862,648518346478173909,[52983 94435  2297],[53027 94437  2298]
89,4376289,2022-11-17 14:28:59.843347+00:00,,t,17,73960575130387705,648518346411491990,73960575130379157,648518346478173909,[55805 90907  2676],[55819 90939  2676]
90,966074,2022-11-17 14:28:59.843347+00:00,,t,30,73609212579968990,648518346500389336,73609212579956375,648518346478173909,[ 46039 104665   2904],[ 46019 104661   2904]
91,1020046,2022-11-17 14:28:59.843347+00:00,,t,23,73960850142304985,648518346385791605,73960850142282319,648518346478173909,[56895 99717  2863],[56911 99725  2861]
92,1019988,2022-11-17 14:28:59.843347+00:00,,t,29,73960850142279794,648518346385791605,73960850142284725,648518346478173909,[56737 99637  2862],[56757 99661  2862]
93,1064620,2022-11-17 14:28:59.843347+00:00,,t,13,74172368557616793,648518346492932016,74172368557651417,648518346478173909,[ 63141 110805   2681],[ 63137 110827   2680]
94,1064337,2022-11-17 14:28:59.843347+00:00,,t,33,74172368557433687,648518346489559639,74172368557463250,648518346478173909,[ 62703 110903   2603],[ 62711 110929   2604]
95,4513729,2022-11-17 14:28:59.843347+00:00,,t,12,74172094015128174,648518346499610181,74172094015122950,648518346478173909,[ 62867 104009   3263],[ 62835 104011   3263]
96,4513733,2022-11-17 14:28:59.843347+00:00,,t,17,74172094015070115,648518346491556776,74172094015067592,648518346478173909,[ 62859 104189   3239],[ 62861 104221   3239]
97,1464958,2022-11-17 14:28:59.843347+00:00,,t,21,73749605867139330,648518346484059175,73749605867100422,648518346478173909,[50745 94955  1797],[50753 94925  1797]
98,1465027,2022-11-17 14:28:59.843347+00:00,,t,12,73749605867167812,648518346484059175,73749605867167245,648518346478173909,[50803 94991  1799],[50827 94973  1799]
99,13044198,2022-11-17 14:28:59.843347+00:00,,t,16,73819975282156729,648518346499321668,73819975282139919,648518346478173909,[52149 95777  2999],[52141 95745  2999]
100,13044210,2022-11-17 14:28:59.843347+00:00,,t,31,73819975282152082,648518346476789264,73819975282134943,648518346478173909,[52153 95955  2992],[52155 95929  2993]
101,13044213,2022-11-17 14:28:59.843347+00:00,,t,36,73819975282127447,648518346498417201,73819975282134943,648518346478173909,[52163 95949  2986],[52161 95923  2987]
102,13044216,2022-11-17 14:28:59.843347+00:00,,t,13,73819975282122580,648518346511876543,73819975282101266,648518346478173909,[52157 95861  2980],[52161 95847  2981]
103,13044220,2022-11-17 14:28:59.843347+00:00,,t,25,73819975282098595,648518346511876543,73819975282101266,648518346478173909,[52143 95887  2976],[52167 95859  2978]
104,1635498,2022-11-17 14:28:59.843347+00:00,,t,14,74172025295728990,648518346490344078,74172025295734172,648518346478173909,[ 62445 101605   3277],[ 62429 101615   3278]
105,1641363,2022-11-17 14:28:59.843347+00:00,,t,17,73819975215009216,648518346497577462,73819975214985001,648518346478173909,[51231 94317  2862],[51267 94299  2862]
106,8519190,2022-11-17 14:28:59.843347+00:00,,t,25,73960643849661152,648518346476862992,73960643849636702,648518346478173909,[56057 93943  2606],[56055 93905  2606]
107,8519252,2022-11-17 14:28:59.843347+00:00,,t,16,73960643849683369,648518346466654318,73960643849698854,648518346478173909,[56077 93461  2623],[56101 93451  2622]
108,8518910,2022-11-17 14:28:59.843347+00:00,,t,15,73960643849508852,648518346478528340,73960643849411990,648518346478173909,[55575 93401  2570],[55583 93427  2570]
109,8518934,2022-11-17 14:28:59.843347+00:00,,t,20,73960643849508852,648518346478528340,73960643849408680,648518346478173909,[55601 93393  2573],[55637 93395  2574]
110,8519295,2022-11-17 14:28:59.843347+00:00,,t,13,73960643849691183,648518346466654318,73960643849698854,648518346478173909,[56109 93485  2624],[56143 93487  2624]
111,4807944,2022-11-17 14:28:59.843347+00:00,,t,17,73960850075343451,648518346466684782,73960850075350508,648518346478173909,[55605 99951  2784],[55585 99975  2786]
112,4807963,2022-11-17 14:28:59.843347+00:00,,t,14,73960850075348413,648518346487430058,73960850075378686,648518346478173909,[ 55597 100123   2789],[ 55601 100091   2790]
113,1915038,2022-11-17 14:28:59.843347+00:00,,t,24,74172231387248461,648518346478528340,74172231387152750,648518346478173909,[ 62021 107551   3200],[ 62019 107529   3201]
114,1914979,2022-11-17 14:28:59.843347+00:00,,t,21,74172231387106998,648518346499420391,74172231387114423,648518346478173909,[ 61817 107641   3190],[ 61839 107641   3191]
115,1914988,2022-11-17 14:28:59.843347+00:00,,t,13,74172231387109354,648518346499611973,74172231387107021,648518346478173909,[ 61821 107745   3190],[ 61863 107741   3191]
116,8612496,2022-11-17 14:28:59.843347+00:00,,t,43,73820043733301455,648518346488678897,73820043733318719,648518346478173909,[51367 96803  2539],[51351 96831  2540]
117,2138730,2022-11-17 14:28:59.843347+00:00,,t,17,73819975080659091,648518346514074334,73819975080685829,648518346478173909,[52275 95963  2577],[52279 95997  2576]
118,8630524,2022-11-17 14:28:59.843347+00:00,,t,30,73820043800328395,648518346496230519,73820043800317746,648518346478173909,[51783 96873  2628],[51797 96891  2627]
119,8630556,2022-11-17 14:28:59.843347+00:00,,t,38,73820043800385283,648518346496230519,73820043800392198,648518346478173909,[51879 96885  2658],[51893 96919  2659]
120,8630712,2022-11-17 14:28:59.843347+00:00,,t,22,73820043800294299,648518346496230519,73820043800296768,648518346478173909,[52071 96709  2624],[52115 96709  2625]
121,8630330,2022-11-17 14:28:59.843347+00:00,,t,24,73820043800450298,648518346497328001,73820043800444371,648518346478173909,[51539 96583  2679],[51531 96619  2680]
122,5035547,2022-11-17 14:28:59.843347+00:00,,t,32,73819906495519374,648518346485841860,73819906495519369,648518346478173909,[51795 93217  2854],[51771 93223  2856]
123,5035438,2022-11-17 14:28:59.843347+00:00,,t,17,73819906495584929,648518346504748934,73819906495573039,648518346478173909,[51675 93819  2879],[51665 93793  2879]
124,5035205,2022-11-17 14:28:59.843347+00:00,,t,14,73819906495480636,648518346486764003,73819906495499059,648518346478173909,[51431 93703  2846],[51443 93677  2848]
125,13124922,2022-11-17 14:28:59.843347+00:00,,t,24,73890343825143006,648518346490434652,73890343825135814,648518346478173909,[54151 94779  2671],[54123 94805  2671]
126,13124944,2022-11-17 14:28:59.843347+00:00,,t,29,73890343825042669,648518346490434652,73890343825029504,648518346478173909,[54131 94575  2630],[54145 94555  2629]
127,13124751,2022-11-17 14:28:59.843347+00:00,,t,50,73890343825107268,648518346511876543,73890343825117800,648518346478173909,[53915 94799  2661],[53919 94769  2662]
128,13124776,2022-11-17 14:28:59.843347+00:00,,t,56,73890343825120474,648518346511876543,73890343825133315,648518346478173909,[53937 94831  2665],[53947 94809  2666]
129,13124811,2022-11-17 14:28:59.843347+00:00,,t,17,73890343825062796,648518346511876543,73890343825070459,648518346478173909,[53957 94793  2649],[53989 94781  2649]
130,13124850,2022-11-17 14:28:59.843347+00:00,,t,46,73890343825138333,648518346467165191,73890343825135814,648518346478173909,[54031 94807  2672],[54043 94805  2670]
131,13124891,2022-11-17 14:28:59.843347+00:00,,t,22,73890343825102738,648518346476789264,73890343825110056,648518346478173909,[54091 95113  2657],[54089 95143  2657]
132,13124971,2022-11-17 14:28:59.843347+00:00,,t,34,73890343825109945,648518346467165191,73890343825109964,648518346478173909,[54211 94959  2659],[54179 94985  2660]
133,8746104,2022-11-17 14:28:59.843347+00:00,,t,18,74101587697708428,648518346506643780,74101587697729915,648518346478173909,[60627 98641  2978],[60611 98623  2978]
134,8753046,2022-11-17 14:28:59.843347+00:00,,t,19,73960643782825336,648518346478528340,73960643782878926,648518346478173909,[55637 93169  2567],[55657 93185  2567]
135,13179525,2022-11-17 14:28:59.843347+00:00,,t,36,73609143927656669,648518346497328001,73609143927671211,648518346478173909,[ 46999 103273   3058],[ 46987 103273   3060]
136,13179326,2022-11-17 14:28:59.843347+00:00,,t,12,73609143927651506,648518346490330972,73609143927658939,648518346478173909,[ 46717 103149   3057],[ 46685 103169   3059]
137,13179482,2022-11-17 14:28:59.843347+00:00,,t,35,73609143927656703,648518346497328001,73609143927697051,648518346478173909,[ 46961 103259   3056],[ 46927 103271   3057]
138,17855519,2022-11-17 14:28:59.843347+00:00,,t,13,73820043867597198,648518346480334294,73820043934201397,648518346478173909,[52595 96789  2825],[52625 96807  2826]
139,5093459,2022-11-17 14:28:59.843347+00:00,,t,35,73890343757961666,648518346478348660,73890343757961639,648518346478173909,[54925 94947  2500],[54949 94915  2501]
140,22900964,2022-11-17 14:28:59.843347+00:00,,t,26,73890412544545122,648518346488857322,73890412544537408,648518346478173909,[54717 97823  2644],[54723 97787  2642]
142,22901396,2022-11-17 14:28:59.843347+00:00,,t,40,73890412544733644,648518346467165191,73890412544694682,648518346478173909,[55205 97563  2687],[55237 97547  2688]
143,13446701,2022-11-17 14:28:59.843347+00:00,,t,20,73890343690919616,648518346484466691,73890343691100761,648518346478173909,[54363 94605  2417],[54327 94591  2418]
144,13446783,2022-11-17 14:28:59.843347+00:00,,t,13,73890343691100486,648518346484466691,73890343691036321,648518346478173909,[54505 94635  2436],[54479 94629  2437]
145,9392602,2022-11-17 14:28:59.843347+00:00,,t,18,74031561946968493,648518346497571830,74031561946958406,648518346478173909,[ 58085 109095   1831],[ 58107 109099   1830]
146,9405192,2022-11-17 14:28:59.843347+00:00,,t,18,73819975215162363,648518346499788940,73819975215139053,648518346478173909,[52401 95879  2922],[52371 95875  2922]
147,9405288,2022-11-17 14:28:59.843347+00:00,,t,24,73819975215018065,648518346476789264,73819975215026202,648518346478173909,[52513 96015  2869],[52487 96039  2870]
148,9405308,2022-11-17 14:28:59.843347+00:00,,t,13,73819975215103704,648518346517669736,73819975215117472,648518346478173909,[52513 95963  2903],[52509 95931  2904]
149,5968526,2022-11-17 14:28:59.843347+00:00,,t,52,73749674989108305,648518346497183000,73749674989110960,648518346478173909,[50567 96807  2534],[50585 96779  2534]
150,5968540,2022-11-17 14:28:59.843347+00:00,,t,29,73749674989128800,648518346497366296,73749674989124016,648518346478173909,[50625 96693  2541],[50593 96699  2541]
151,5968482,2022-11-17 14:28:59.843347+00:00,,t,18,73749674989128841,648518346497183000,73749674989136624,648518346478173909,[50525 96791  2539],[50545 96771  2540]
152,6122576,2022-11-17 14:28:59.843347+00:00,,t,34,74031218886750556,648518346486764003,74031218886813098,648518346478173909,[57519 99457  2953],[57533 99431  2953]
153,6122550,2022-11-17 14:28:59.843347+00:00,,t,12,74031218886566020,648518346467165191,74031218886586805,648518346478173909,[57471 99365  2898],[57495 99357  2899]
154,6122557,2022-11-17 14:28:59.843347+00:00,,t,17,74031218886602115,648518346467165191,74031218886589394,648518346478173909,[57479 99411  2897],[57505 99435  2897]
155,6122478,2022-11-17 14:28:59.843347+00:00,,t,37,74031218886512613,648518346467165191,74031218886515100,648518346478173909,[57391 99325  2868],[57365 99361  2868]
156,6209832,2022-11-17 14:28:59.843347+00:00,,t,73,73819906093055686,648518346467165191,73819906093055674,648518346478173909,[52507 94001  2166],[52537 93997  2167]
157,6209875,2022-11-17 14:28:59.843347+00:00,,t,36,73819906092880957,648518346467165191,73819906092878543,648518346478173909,[52671 93483  2098],[52681 93445  2098]
158,6220403,2022-11-17 14:28:59.843347+00:00,,t,38,73609143994425078,648518346500389336,73609143994340357,648518346478173909,[ 46969 103431   3089],[ 46977 103395   3089]
159,6375883,2022-11-17 14:28:59.843347+00:00,,t,29,73819906092993102,648518346479717014,73819906092982850,648518346478173909,[52235 93527  2137],[52221 93563  2138]
160,9759455,2022-11-17 14:28:59.843347+00:00,,t,18,74101862709851068,648518346489623903,74101862709894514,648518346478173909,[ 60893 107837   3246],[ 60895 107811   3248]
161,9759466,2022-11-17 14:28:59.843347+00:00,,t,16,74101862709872252,648518346465917744,74101862709894514,648518346478173909,[ 60887 107713   3250],[ 60923 107707   3249]
162,9759405,2022-11-17 14:28:59.843347+00:00,,t,13,74101862709841327,648518346496749540,74101862709838784,648518346478173909,[ 60749 107741   3235],[ 60797 107751   3235]
163,13681853,2022-11-17 14:28:59.843347+00:00,,t,28,73819974946515392,648518346497328001,73819974946522145,648518346478173909,[52905 94381  2337],[52937 94365  2337]
164,6634654,2022-11-17 14:28:59.843347+00:00,,t,21,73960918660691970,648518346488857322,73960918727314718,648518346478173909,[ 55405 101255   2569],[ 55385 101281   2571]
165,9994195,2022-11-17 14:28:59.843347+00:00,,t,27,73890481196965528,648518346486764003,73890481196970179,648518346478173909,[53381 99761  2548],[53399 99777  2550]
166,9994164,2022-11-17 14:28:59.843347+00:00,,t,23,73890481196940763,648518346497328001,73890481196943282,648518346478173909,[53323 99463  2537],[53355 99459  2537]
167,9994243,2022-11-17 14:28:59.843347+00:00,,t,24,73890481196970350,648518346497328001,73890481197050244,648518346478173909,[53519 99941  2549],[53487 99959  2550]
168,9994269,2022-11-17 14:28:59.843347+00:00,,t,16,73890481197020281,648518346497328001,73890481197050244,648518346478173909,[53555 99923  2561],[53521 99927  2561]
169,6982429,2022-11-17 14:28:59.843347+00:00,,t,28,73890275172616242,648518346492427961,73890275172595386,648518346478173909,[54087 93039  2744],[54103 93047  2741]
170,27789735,2022-11-17 14:28:59.843347+00:00,,t,15,74101862642959490,648518346515628874,74101862642971174,648518346478173909,[ 60417 107895   3194],[ 60441 107911   3195]
171,27789839,2022-11-17 14:28:59.843347+00:00,,t,18,74101862642871265,648518346494790834,74101862642854343,648518346478173909,[ 60763 108013   3154],[ 60763 107987   3154]
172,10114031,2022-11-17 14:28:59.843347+00:00,,t,20,73960781355872529,648518346488857322,73960781355880022,648518346478173909,[56159 97423  2787],[56179 97417  2788]
173,10113704,2022-11-17 14:28:59.843347+00:00,,t,39,73960781355693074,648518346484632909,73960781355668192,648518346478173909,[55493 97955  2708],[55483 97931  2709]
174,7292093,2022-11-17 14:28:59.843347+00:00,,t,19,73961124416332039,648518346489559639,73961124416346226,648518346478173909,[ 56671 108145   1739],[ 56675 108107   1740]
175,7291942,2022-11-17 14:28:59.843347+00:00,,t,23,73961124416321789,648518346493893623,73961124416356083,648518346478173909,[ 56529 108023   1732],[ 56523 108051   1733]
176,7291982,2022-11-17 14:28:59.843347+00:00,,t,15,73961124416334203,648518346493893623,73961124416301887,648518346478173909,[ 56559 107859   1726],[ 56565 107857   1724]
177,7292308,2022-11-17 14:28:59.843347+00:00,,t,32,73961124416404057,648518346489559639,73961124416411490,648518346478173909,[ 57185 108353   1767],[ 57171 108391   1767]
178,7291919,2022-11-17 14:28:59.843347+00:00,,t,18,73961124416287212,648518346484522573,73961124416309357,648518346478173909,[ 56489 107905   1719],[ 56491 107879   1721]
179,7346571,2022-11-17 14:28:59.843347+00:00,,t,19,73890275172536137,648518346467165191,73890275172536167,648518346478173909,[54327 93001  2717],[54291 93017  2719]
180,18161860,2022-11-17 14:28:59.843347+00:00,,t,31,73890549916282145,648518346489391122,73890549916287293,648518346478173909,[ 55245 102115   2482],[ 55207 102129   2482]
181,18161888,2022-11-17 14:28:59.843347+00:00,,t,18,73890549916448763,648518346488857322,73890549916508596,648518346478173909,[ 55237 101357   2559],[ 55237 101377   2560]
182,7438472,2022-11-17 14:28:59.843347+00:00,,t,18,73890550050481720,648518346486666236,73890550050486762,648518346478173909,[ 54911 101443   2720],[ 54937 101455   2720]
183,13924486,2022-11-17 14:28:59.843347+00:00,,t,21,74171887588434275,648518346491556776,74171887588437445,648518346478173909,[61479 97583  2812],[61521 97577  2812]
185,7757951,2022-11-17 14:28:59.843347+00:00,,t,20,73749675123413715,648518346491556776,73749675123387523,648518346478173909,[50997 97349  2811],[50989 97327  2810]
186,10437800,2022-11-17 14:28:59.843347+00:00,,t,25,73961124483380321,648518346493712270,73961124483395284,648518346478173909,[ 55387 107213   1855],[ 55403 107187   1856]
187,11156555,2022-11-17 14:28:59.843347+00:00,,t,31,73960850142008912,648518346467165191,73960850142125371,648518346478173909,[56131 98495  2829],[56109 98477  2829]
188,11156672,2022-11-17 14:28:59.843347+00:00,,t,34,73960850142263421,648518346507359618,73960850142226484,648518346478173909,[56273 98377  2840],[56295 98359  2839]
190,18510723,2022-11-17 14:28:59.843347+00:00,,t,19,73960643916873493,648518346505790266,73960643916830430,648518346478173909,[57279 93487  2766],[57309 93473  2766]
191,11544696,2022-11-17 14:28:59.843347+00:00,,t,23,73890275105267164,648518346496642050,73890275105411397,648518346478173909,[54431 94197  2576],[54433 94167  2577]
192,11801356,2022-11-17 14:28:59.843347+00:00,,t,25,73890893647621692,648518346479180689,73890893581043548,648518346478173909,[ 54961 111589   2698],[ 54935 111567   2697]
193,14884666,2022-11-17 14:28:59.843347+00:00,,t,31,73890275105590448,648518346497328001,73890275105593132,648518346478173909,[54289 93015  2657],[54287 93045  2657]
194,14885314,2022-11-17 14:28:59.843347+00:00,,t,29,73890275105428067,648518346467165191,73890275105452723,648518346478173909,[55207 92331  2603],[55189 92355  2604]
195,14885351,2022-11-17 14:28:59.843347+00:00,,t,13,73890275038596990,648518346465917744,73890275105197052,648518346478173909,[55273 92739  2569],[55261 92705  2571]
196,12020263,2022-11-17 14:28:59.843347+00:00,,t,16,74101518978407883,648518346495388598,74101518978405506,648518346478173909,[59885 98173  3031],[59863 98201  3031]
197,12100561,2022-11-17 14:28:59.843347+00:00,,t,19,73749674989153395,648518346476789264,73749674989161885,648518346478173909,[50787 97279  2551],[50787 97299  2553]
198,18687477,2022-11-17 14:28:59.843347+00:00,,t,15,73960575197066728,648518346497048472,73960575130535850,648518346478173909,[55547 91963  2698],[55541 91963  2696]
199,32442444,2022-11-17 14:28:59.843347+00:00,,t,12,73679581189916028,648518346494550760,73679581189894204,648518346478173909,[ 48697 105229   2643],[ 48695 105221   2641]
200,12434016,2022-11-17 14:28:59.843347+00:00,,t,14,74031218886506848,648518346517416808,74031218886487246,648518346478173909,[57547 98335  2871],[57561 98309  2872]
201,12434107,2022-11-17 14:28:59.843347+00:00,,t,21,74031218886558704,648518346493078044,74031218886558700,648518346478173909,[57753 99197  2879],[57725 99205  2878]
202,42941930,2022-11-17 14:28:59.843347+00:00,,t,17,73820043733410213,648518346479717014,73820043733397712,648518346478173909,[51353 98039  2564],[51369 98017  2563]
203,27962044,2022-11-17 14:28:59.843347+00:00,,t,25,73679443885105434,648518346490237905,73679443885094816,648518346478173909,[ 48829 101987   2861],[ 48857 101987   2862]
204,27962208,2022-11-17 14:28:59.843347+00:00,,t,19,73679443885141051,648518346490237905,73679443885164827,648518346478173909,[ 49073 102243   2883],[ 49095 102271   2883]
205,15073439,2022-11-17 14:28:59.843347+00:00,,t,34,73890549983350582,648518346472231218,73890549983378329,648518346478173909,[ 54757 101367   2588],[ 54775 101383   2589]
206,15073229,2022-11-17 14:28:59.843347+00:00,,t,41,73890549983550065,648518346497968794,73890549983535951,648518346478173909,[ 54373 101499   2651],[ 54401 101517   2651]
207,15073260,2022-11-17 14:28:59.843347+00:00,,t,32,73890549983554885,648518346497968794,73890549983547738,648518346478173909,[ 54497 101553   2665],[ 54517 101525   2666]
208,15073469,2022-11-17 14:28:59.843347+00:00,,t,47,73890549983503972,648518346493078044,73890549983501608,648518346478173909,[ 54847 101447   2632],[ 54867 101429   2633]
209,15073521,2022-11-17 14:28:59.843347+00:00,,t,21,73890549983493750,648518346486764003,73890549983474383,648518346478173909,[ 54971 101539   2629],[ 54957 101515   2628]
210,15073543,2022-11-17 14:28:59.843347+00:00,,t,31,73890549983450351,648518346497968794,73890549983466154,648518346478173909,[ 54987 101881   2621],[ 54983 101849   2622]
211,15073562,2022-11-17 14:28:59.843347+00:00,,t,26,73890549983479741,648518346486764003,73890549983501801,648518346478173909,[ 55003 101641   2632],[ 55023 101663   2634]
212,19008745,2022-11-17 14:28:59.843347+00:00,,t,15,73820112452648778,648518346511876543,73820112452643983,648518346478173909,[53119 99669  2489],[53121 99685  2489]
213,19008818,2022-11-17 14:28:59.843347+00:00,,t,15,73890481196858004,648518346491556776,73820112452665347,648518346478173909,[53261 99733  2502],[53231 99755  2503]
214,15517097,2022-11-17 14:28:59.843347+00:00,,t,48,73820043800412286,648518346497968794,73820043800451701,648518346478173909,[52571 98159  2681],[52563 98131  2682]
215,15517495,2022-11-17 14:28:59.843347+00:00,,t,47,73820043800445396,648518346497328001,73820043800432147,648518346478173909,[53137 97809  2681],[53141 97853  2681]
216,23492563,2022-11-17 14:28:59.843347+00:00,,t,16,73749674989173232,648518346491556776,73749674989295115,648518346478173909,[49983 96789  2567],[49981 96825  2567]
217,23492583,2022-11-17 14:28:59.843347+00:00,,t,23,73749674989161583,648518346491556776,73749674989173380,648518346478173909,[50009 96885  2557],[50035 96875  2559]
219,28025655,2022-11-17 14:28:59.843347+00:00,,t,21,73749605933969890,648518346514074334,73749605933962788,648518346478173909,[50501 94881  1852],[50495 94855  1852]
220,28025724,2022-11-17 14:28:59.843347+00:00,,t,34,73749605933967553,648518346467165191,73749605933950012,648518346478173909,[50605 94701  1849],[50585 94727  1850]
221,28025746,2022-11-17 14:28:59.843347+00:00,,t,30,73749605933957775,648518346514074334,73749605933960155,648518346478173909,[50621 94827  1846],[50605 94803  1847]
223,15699086,2022-11-17 14:28:59.843347+00:00,,t,24,73961124483337279,648518346520475702,73961124483332219,648518346478173909,[ 55345 107547   1836],[ 55349 107569   1835]
224,15706553,2022-11-17 14:28:59.843347+00:00,,t,17,73890412544668249,648518346467165191,73890412611330029,648518346478173909,[54987 97617  2697],[54979 97583  2698]
225,15727305,2022-11-17 14:28:59.843347+00:00,,t,22,73890275105476528,648518346497328001,73890275105488885,648518346478173909,[53639 93005  2617],[53675 93015  2618]
226,15727390,2022-11-17 14:28:59.843347+00:00,,t,16,73890275105467222,648518346478528340,73890275105479048,648518346478173909,[53869 93123  2611],[53879 93151  2612]
227,15988510,2022-11-17 14:28:59.843347+00:00,,t,28,73890412544545216,648518346489688883,73890412544547976,648518346478173909,[53541 97999  2644],[53573 98007  2644]
228,15988523,2022-11-17 14:28:59.843347+00:00,,t,47,73890412544598392,648518346483110846,73890412544547976,648518346478173909,[53641 97971  2646],[53607 97991  2645]
229,15988576,2022-11-17 14:28:59.843347+00:00,,t,22,73890412544585206,648518346479717014,73890412544629172,648518346478173909,[53725 97843  2670],[53695 97839  2672]
230,15988589,2022-11-17 14:28:59.843347+00:00,,t,30,73890412544603377,648518346479717014,73890412544605898,648518346478173909,[53741 97877  2666],[53715 97873  2667]
231,15988650,2022-11-17 14:28:59.843347+00:00,,t,14,73890412544668145,648518346479717014,73890412544623977,648518346478173909,[53783 97557  2676],[53815 97553  2676]
232,15988409,2022-11-17 14:28:59.843347+00:00,,t,13,73890412544711949,648518346479180689,73890412544711144,648518346478173909,[53405 97725  2695],[53381 97711  2697]
233,15988397,2022-11-17 14:28:59.843347+00:00,,t,18,73890412544694399,648518346479717014,73890412544836457,648518346478173909,[53383 97507  2695],[53361 97525  2697]
234,15988422,2022-11-17 14:28:59.843347+00:00,,t,35,73890412544647432,648518346497328001,73890412544638948,648518346478173909,[53371 97757  2680],[53397 97787  2680]
235,16169090,2022-11-17 14:28:59.843347+00:00,,t,25,73890274971241505,648518346478528340,73890274971263010,648518346478173909,[54295 93801  2345],[54285 93787  2347]
236,23637176,2022-11-17 14:28:59.843347+00:00,,t,21,73679443751014916,648518346497328001,73679443751029163,648518346478173909,[ 48941 100893   2669],[ 48973 100893   2669]
237,23637186,2022-11-17 14:28:59.843347+00:00,,t,29,73679443751024080,648518346496230519,73679443751014695,648518346478173909,[ 48993 100573   2667],[ 48989 100601   2667]
238,23645272,2022-11-17 14:28:59.843347+00:00,,t,16,74031218886729062,648518346467165191,74031218886849350,648518346478173909,[58417 99467  2950],[58445 99473  2952]
239,16655172,2022-11-17 14:28:59.843347+00:00,,t,42,73890481196764920,648518346466654318,73890481196762258,648518346478173909,[54527 98913  2466],[54555 98919  2467]
240,16655255,2022-11-17 14:28:59.843347+00:00,,t,39,73890481196754313,648518346500387544,73890481196787774,648518346478173909,[54653 98767  2467],[54679 98783  2467]
241,16669979,2022-11-17 14:28:59.843347+00:00,,t,34,74031150234103351,648518346480048550,74031150234100518,648518346478173909,[59185 98237  2990],[59211 98219  2990]
242,23731367,2022-11-17 14:28:59.843347+00:00,,t,17,74101930758402213,648518346492932016,74101930758404807,648518346478173909,[ 60439 110505   2015],[ 60427 110469   2016]
243,16929023,2022-11-17 14:28:59.843347+00:00,,t,30,73609212579810457,648518346492932016,73609212579825917,648518346478173909,[ 46791 104915   2849],[ 46773 104893   2850]
244,16928944,2022-11-17 14:28:59.843347+00:00,,t,38,73609212580010985,648518346500389336,73609212580010950,648518346478173909,[ 46655 104769   2925],[ 46637 104739   2926]
245,17027001,2022-11-17 14:28:59.843347+00:00,,t,29,73609143927646748,648518346493890161,73609143927649432,648518346478173909,[ 46649 103867   3052],[ 46659 103845   3054]
246,17027079,2022-11-17 14:28:59.843347+00:00,,t,29,73609143927718958,648518346500389336,73609143927682186,648518346478173909,[ 46829 103483   3078],[ 46811 103461   3078]
247,17027090,2022-11-17 14:28:59.843347+00:00,,t,29,73609143927456552,648518346497328001,73609143927454021,648518346478173909,[ 46825 104035   2982],[ 46841 104071   2983]
248,23977325,2022-11-17 14:28:59.843347+00:00,,t,13,74172368356282226,648518346514074334,74172368356296775,648518346478173909,[ 62075 110909   2272],[ 62077 110943   2272]
249,23977388,2022-11-17 14:28:59.843347+00:00,,t,23,74172368356340664,648518346492932016,74172368356335646,648518346478173909,[ 62229 110951   2291],[ 62217 110925   2291]
250,20094378,2022-11-17 14:28:59.843347+00:00,,t,14,74171887588371450,648518346493805304,74171887588350260,648518346478173909,[61761 96913  2783],[61735 96907  2783]
251,20390923,2022-11-17 14:28:59.843347+00:00,,t,18,73960850075495507,648518346467165191,73960850075494160,648518346478173909,[56367 98373  2825],[56361 98345  2825]
252,20390934,2022-11-17 14:28:59.843347+00:00,,t,16,73960850075440829,648518346467165191,73960850075494160,648518346478173909,[56373 98399  2822],[56375 98377  2822]
253,20390966,2022-11-17 14:28:59.843347+00:00,,t,21,73960850075522166,648518346467165191,73960850075494160,648518346478173909,[56413 98375  2825],[56427 98347  2825]
254,20692621,2022-11-17 14:28:59.843347+00:00,,t,29,74031287673017705,648518346486209508,74031287673017664,648518346478173909,[ 57711 100593   2970],[ 57689 100579   2970]
255,24582060,2022-11-17 14:28:59.843347+00:00,,t,42,73960918660538179,648518346493881079,73960918660554560,648518346478173909,[ 56039 102209   2522],[ 56065 102185   2522]
256,24582063,2022-11-17 14:28:59.843347+00:00,,t,20,73960987380035118,648518346476817936,73960918660526305,648518346478173909,[ 56091 102407   2528],[ 56075 102375   2528]
257,24582114,2022-11-17 14:28:59.843347+00:00,,t,68,73960918660512802,648518346489888283,73960918660512787,648518346478173909,[ 56191 102167   2513],[ 56161 102199   2513]
258,24581680,2022-11-17 14:28:59.843347+00:00,,t,27,73960918660427173,648518346489391122,73960918660401587,648518346478173909,[ 55501 102079   2468],[ 55533 102067   2470]
259,24581713,2022-11-17 14:28:59.843347+00:00,,t,38,73960918660431755,648518346489391122,73960918660429504,648518346478173909,[ 55561 101999   2478],[ 55577 102025   2478]
260,24690017,2022-11-17 14:28:59.843347+00:00,,t,21,73960781288594846,648518346489629023,73960781288611745,648518346478173909,[55803 98161  2606],[55777 98179  2607]
261,24689673,2022-11-17 14:28:59.843347+00:00,,t,23,73960781221762143,648518346511876543,73960781288404271,648518346478173909,[55377 98209  2569],[55371 98241  2570]
262,24689813,2022-11-17 14:28:59.843347+00:00,,t,17,73960781288402401,648518346517434728,73960781288518519,648518346478173909,[55567 98251  2573],[55545 98245  2575]
263,24689851,2022-11-17 14:28:59.843347+00:00,,t,34,73960781288541788,648518346467165191,73960781288544580,648518346478173909,[55577 98251  2586],[55577 98223  2586]
264,24689894,2022-11-17 14:28:59.843347+00:00,,t,36,73960781288589682,648518346465910320,73960781288594885,648518346478173909,[55635 98143  2600],[55619 98169  2601]
265,24689950,2022-11-17 14:28:59.843347+00:00,,t,72,73960781288550195,648518346467165191,73960781288571750,648518346478173909,[55689 98243  2593],[55683 98215  2593]
266,37496416,2022-11-17 14:28:59.843347+00:00,,t,31,74101930691397761,648518346467165191,74101930691469314,648518346478173909,[ 59871 109989   1922],[ 59847 109999   1923]
267,28650894,2022-11-17 14:28:59.843347+00:00,,t,23,74172368624551054,648518346494374455,74172368624555935,648518346478173909,[ 63151 110703   2729],[ 63181 110685   2728]
268,21904486,2022-11-17 14:28:59.843347+00:00,,t,39,73820043867569599,648518346480334294,73820043867621731,648518346478173909,[52557 96811  2821],[52555 96839  2821]
269,21904548,2022-11-17 14:28:59.843347+00:00,,t,18,73820043867575249,648518346497366296,73820043867565024,648518346478173909,[52721 96957  2811],[52709 96931  2811]
270,21929171,2022-11-17 14:28:59.843347+00:00,,t,15,73679512738881161,648518346497328001,73679512738852807,648518346478173909,[ 47149 103513   3158],[ 47157 103541   3159]
271,28753721,2022-11-17 14:28:59.843347+00:00,,t,16,74101862709891572,648518346520215633,74101862709881679,648518346478173909,[ 60955 107351   3249],[ 60967 107387   3250]
272,28753727,2022-11-17 14:28:59.843347+00:00,,t,16,74101862709922177,648518346498360113,74101862709881679,648518346478173909,[ 60969 107429   3254],[ 60975 107401   3253]
273,28753813,2022-11-17 14:28:59.843347+00:00,,t,43,74101862710034011,648518346447635291,74101862710017338,648518346478173909,[ 61221 107319   3308],[ 61217 107287   3307]
274,28772831,2022-11-17 14:28:59.843347+00:00,,t,16,73820181104990094,648518346511876543,73820181104977693,648518346478173909,[ 51765 100757   2347],[ 51727 100743   2347]
275,28772845,2022-11-17 14:28:59.843347+00:00,,t,46,73820181105005154,648518346489608543,73820181105028308,648518346478173909,[ 51743 100525   2359],[ 51755 100567   2360]
276,28772856,2022-11-17 14:28:59.843347+00:00,,t,58,73820181104995028,648518346489608543,73820181105028308,648518346478173909,[ 51757 100497   2363],[ 51763 100535   2363]
277,28772764,2022-11-17 14:28:59.843347+00:00,,t,21,73820181104965628,648518346497366296,73820181104977693,648518346478173909,[ 51667 100799   2339],[ 51659 100815   2341]
278,22300144,2022-11-17 14:28:59.843347+00:00,,t,32,74101999544831001,648518346511423797,74101999544854592,648518346478173909,[ 60799 110887   2078],[ 60833 110899   2078]
279,32862469,2022-11-17 14:28:59.843347+00:00,,t,18,74172300106480228,648518346512096447,74172300106475080,648518346478173909,[ 62231 108693   3145],[ 62255 108705   3145]
280,22421030,2022-11-17 14:28:59.843347+00:00,,t,48,73890618635682075,648518346472231218,73890618635650593,648518346478173909,[ 54781 102767   2446],[ 54799 102749   2446]
281,22421066,2022-11-17 14:28:59.843347+00:00,,t,52,73890618635467307,648518346483184804,73890618635650593,648518346478173909,[ 54871 102647   2447],[ 54847 102679   2448]
282,22421158,2022-11-17 14:28:59.843347+00:00,,t,39,73890618635707422,648518346494222706,73890618635696852,648518346478173909,[ 54951 102679   2454],[ 54949 102653   2454]
283,22421339,2022-11-17 14:28:59.843347+00:00,,t,23,73890618635743761,648518346494222706,73890618635748482,648518346478173909,[ 55229 102673   2475],[ 55235 102643   2477]
284,28926830,2022-11-17 14:28:59.843347+00:00,,t,38,73960850209540925,648518346490086542,73960850209524490,648518346478173909,[56799 99589  3039],[56805 99609  3038]
285,28926967,2022-11-17 14:28:59.843347+00:00,,t,47,73960850209510423,648518346479180689,73960850209493852,648518346478173909,[56979 99629  3021],[56975 99599  3022]
286,32998103,2022-11-17 14:28:59.843347+00:00,,t,20,73890206318873617,648518346490072156,73890206318859477,648518346478173909,[53595 92113  2462],[53619 92123  2461]
287,32998110,2022-11-17 14:28:59.843347+00:00,,t,22,73890206318875902,648518346490072156,73890206318870651,648518346478173909,[53641 92151  2470],[53671 92145  2470]
288,29120559,2022-11-17 14:28:59.843347+00:00,,t,19,74031012660955470,648518346494790834,74031012660950650,648518346478173909,[58455 93383  2747],[58457 93355  2747]
289,29120571,2022-11-17 14:28:59.843347+00:00,,t,17,74031012660948079,648518346511876543,74031012660950650,648518346478173909,[58447 93293  2743],[58467 93303  2745]
290,29169816,2022-11-17 14:28:59.843347+00:00,,t,15,73819905958903382,648518346478528340,73819905958907222,648518346478173909,[52589 93125  1915],[52551 93121  1915]
291,25631478,2022-11-17 14:28:59.843347+00:00,,t,12,73749881147547549,648518346501047830,73749881147539680,648518346478173909,[ 51081 104029   2539],[ 51115 104057   2540]
292,25863240,2022-11-17 14:28:59.843347+00:00,,t,40,74101930758430103,648518346472231218,74101930758422532,648518346478173909,[ 60343 110483   2029],[ 60341 110509   2029]
293,29627584,2022-11-17 14:28:59.843347+00:00,,t,27,74172368490447514,648518346494222706,74172368490466913,648518346478173909,[ 62811 110861   2519],[ 62797 110893   2519]
294,29627667,2022-11-17 14:28:59.843347+00:00,,t,34,74172368490387032,648518346486764003,74172368490391829,648518346478173909,[ 62857 110931   2490],[ 62891 110915   2490]
295,33348773,2022-11-17 14:28:59.843347+00:00,,t,28,73819837709055194,648518346488678897,73819837709040077,648518346478173909,[52919 92065  2758],[52917 92099  2758]
296,33348818,2022-11-17 14:28:59.843347+00:00,,t,30,73819837708955075,648518346496199543,73819837708986013,648518346478173909,[53027 92153  2738],[53059 92135  2738]
297,33348856,2022-11-17 14:28:59.843347+00:00,,t,30,73819837708955075,648518346496199543,73819837708974112,648518346478173909,[53085 92157  2730],[53113 92139  2731]
298,43146661,2022-11-17 14:28:59.843347+00:00,,t,23,73820249891724742,648518346372632645,73820249891721991,648518346478173909,[ 51391 103757   2529],[ 51425 103757   2531]
300,27219987,2022-11-17 14:28:59.843347+00:00,,t,17,73679581256853612,648518346378704171,73679581256849886,648518346478173909,[ 47563 104999   2712],[ 47591 104989   2713]
302,27219792,2022-11-17 14:28:59.843347+00:00,,t,31,73679581256961725,648518346500389336,73679581256941912,648518346478173909,[ 47291 105185   2754],[ 47317 105161   2754]
303,27220107,2022-11-17 14:28:59.843347+00:00,,t,33,73679581256901436,648518346516290358,73679581256877724,648518346478173909,[ 47765 105101   2721],[ 47771 105133   2721]
304,27294182,2022-11-17 14:28:59.843347+00:00,,t,42,73819975147979207,648518346497328001,73819975147937517,648518346478173909,[51539 96219  2749],[51503 96215  2750]
305,27294181,2022-11-17 14:28:59.843347+00:00,,t,34,73819975148060703,648518346486764003,73819975148031690,648518346478173909,[51529 96125  2775],[51501 96135  2776]
306,37914058,2022-11-17 14:28:59.843347+00:00,,t,19,73890343690828737,648518346478348660,73890343690794057,648518346478173909,[53765 94345  2369],[53737 94367  2369]
307,37914191,2022-11-17 14:28:59.843347+00:00,,t,25,73890343690847351,648518346478348660,73890343690840420,648518346478173909,[53853 94369  2379],[53869 94401  2379]
308,30212218,2022-11-17 14:28:59.843347+00:00,,t,13,73820112519685028,648518346479717014,73820112519658972,648518346478173909,[51393 98347  2577],[51423 98325  2577]
309,30212426,2022-11-17 14:28:59.843347+00:00,,t,32,73820112519875543,648518346465914672,73820112519875404,648518346478173909,[51643 98419  2655],[51643 98387  2657]
310,30212450,2022-11-17 14:28:59.843347+00:00,,t,13,73820043800342147,648518346491556776,73820112519851923,648518346478173909,[51697 98297  2648],[51673 98319  2649]
311,30777251,2022-11-17 14:28:59.843347+00:00,,t,34,73960781355803853,648518346502822899,73960781355806430,648518346478173909,[56333 97445  2763],[56335 97487  2763]
312,30777253,2022-11-17 14:28:59.843347+00:00,,t,12,73960781355827196,648518346502822899,73960781355850167,648518346478173909,[56317 97513  2771],[56341 97539  2772]
313,30777427,2022-11-17 14:28:59.843347+00:00,,t,40,73960781355847726,648518346480266148,73960781355847733,648518346478173909,[56721 97517  2783],[56691 97545  2784]
314,30932035,2022-11-17 14:28:59.843347+00:00,,t,66,73960987379842343,648518346526268631,73960987379842969,648518346478173909,[ 55493 102489   2453],[ 55519 102463   2454]
315,30932268,2022-11-17 14:28:59.843347+00:00,,t,52,73960987380003482,648518346490434652,73960987380000789,648518346478173909,[ 56139 102461   2513],[ 56151 102429   2514]
316,30932278,2022-11-17 14:28:59.843347+00:00,,t,19,73960987379986223,648518346490434652,73960987379969923,648518346478173909,[ 56163 102475   2510],[ 56177 102459   2509]
317,30955011,2022-11-17 14:28:59.843347+00:00,,t,15,73890274904116805,648518346512096447,73890274904140825,648518346478173909,[53901 92703  2206],[53935 92705  2206]
318,30955159,2022-11-17 14:28:59.843347+00:00,,t,13,73890274904258198,648518346500387544,73890274904265464,648518346478173909,[54163 92855  2262],[54135 92835  2263]
319,34097056,2022-11-17 14:28:59.843347+00:00,,t,69,73820043800162137,648518346497328001,73820043800047685,648518346478173909,[51477 97991  2570],[51451 98007  2571]
320,34097235,2022-11-17 14:28:59.843347+00:00,,t,21,73820043800342147,648518346491556776,73820043800352005,648518346478173909,[51695 98261  2644],[51663 98259  2644]
321,34097261,2022-11-17 14:28:59.843347+00:00,,t,14,73820043800279856,648518346507171144,73820043800226632,648518346478173909,[51661 98173  2603],[51691 98155  2604]
322,34097477,2022-11-17 14:28:59.843347+00:00,,t,32,73820043800403920,648518346491556776,73820043800383848,648518346478173909,[51983 98225  2662],[51971 98255  2662]
323,34160617,2022-11-17 14:28:59.843347+00:00,,t,17,74172094015147264,648518346487080581,74172094015119733,648518346478173909,[ 62773 103135   3260],[ 62757 103165   3260]
324,34174573,2022-11-17 14:28:59.843347+00:00,,t,17,73819905958779643,648518346478528340,73819905958782187,648518346478173909,[52725 93477  1867],[52757 93463  1868]
325,34174765,2022-11-17 14:28:59.843347+00:00,,t,28,73819905958689770,648518346496818938,73819905958737719,648518346478173909,[53037 93705  1841],[53003 93683  1841]
326,38159788,2022-11-17 14:28:59.843347+00:00,,t,29,73890206251925139,648518346499272795,73890206252103550,648518346478173909,[53669 92075  2431],[53691 92055  2431]
327,38159849,2022-11-17 14:28:59.843347+00:00,,t,42,73890206251964493,648518346467165191,73890206251958299,648518346478173909,[53807 91675  2419],[53831 91695  2419]
328,34227329,2022-11-17 14:28:59.843347+00:00,,t,18,73820112385665797,648518346398429084,73820112385663333,648518346478173909,[ 52113 100155   2406],[ 52119 100117   2407]
329,34244705,2022-11-17 14:28:59.843347+00:00,,t,25,73820112452884894,648518346496230519,73820112452884477,648518346478173909,[51227 98333  2563],[51259 98321  2564]
330,34248966,2022-11-17 14:28:59.843347+00:00,,t,36,73820249891800248,648518346492666043,73820249891800200,648518346478173909,[ 52715 102591   2555],[ 52739 102567   2556]
331,43331746,2022-11-17 14:28:59.843347+00:00,,t,32,74101862642998220,648518346489629279,74172231387283470,648518346478173909,[ 61437 107421   3207],[ 61451 107395   3209]
332,34690273,2022-11-17 14:28:59.843347+00:00,,t,17,74171681362841358,648518346491404456,74171681362826690,648518346478173909,[61563 90311  2695],[61545 90341  2696]
333,34690274,2022-11-17 14:28:59.843347+00:00,,t,12,74171681362817150,648518346491404456,74171681362821417,648518346478173909,[61571 90357  2686],[61551 90385  2687]
334,34699362,2022-11-17 14:28:59.843347+00:00,,t,64,73749605934091313,648518346497126138,73819974678300488,648518346478173909,[51179 94365  1903],[51215 94375  1904]
335,34835589,2022-11-17 14:28:59.843347+00:00,,t,28,73749606470866263,648518346489595151,73749606470868701,648518346478173909,[51049 94763  2878],[51031 94739  2878]
336,34835434,2022-11-17 14:28:59.843347+00:00,,t,21,73749606470914575,648518346504748934,73749606470924215,648518346478173909,[50793 95195  2896],[50837 95183  2897]
337,38685784,2022-11-17 14:28:59.843347+00:00,,t,38,73819975013728140,648518346483110846,73819975013758131,648518346478173909,[52301 95707  2493],[52325 95695  2495]
338,35807706,2022-11-17 14:28:59.843347+00:00,,t,12,73890274971348001,648518346488857322,73890274971353046,648518346478173909,[54171 94131  2384],[54153 94113  2386]
339,43857125,2022-11-17 14:28:59.843347+00:00,,t,21,73961124416396525,648518346497577462,73961124416421031,648518346478173909,[ 56231 107731   1764],[ 56243 107735   1766]
340,43856987,2022-11-17 14:28:59.843347+00:00,,t,22,73961124416474885,648518346489893207,73961124416464251,648518346478173909,[ 55851 108263   1792],[ 55887 108267   1793]
341,36495520,2022-11-17 14:28:59.843347+00:00,,t,33,74031012661008322,648518346515515898,74031012661011118,648518346478173909,[57375 93635  2767],[57403 93647  2767]
342,36495588,2022-11-17 14:28:59.843347+00:00,,t,22,74031012661003091,648518346485825150,74031012660995100,648518346478173909,[57511 93695  2765],[57487 93697  2765]
343,36499581,2022-11-17 14:28:59.843347+00:00,,t,25,73820043867153538,648518346486681098,73820043867219744,648518346478173909,[52899 97785  2700],[52925 97773  2700]
344,36782716,2022-11-17 14:28:59.843347+00:00,,t,31,73960712569177466,648518346517463656,73960712569177464,648518346478173909,[55503 95945  2621],[55529 95955  2621]
345,36782761,2022-11-17 14:28:59.843347+00:00,,t,44,73960712569128435,648518346517463656,73960712569138918,648518346478173909,[55581 95795  2608],[55605 95813  2609]
346,36782786,2022-11-17 14:28:59.843347+00:00,,t,16,73960712569092498,648518346517463656,73960712569087228,648518346478173909,[55633 95773  2596],[55655 95779  2597]
347,36782828,2022-11-17 14:28:59.843347+00:00,,t,33,73960712569087077,648518346515146311,73960712569081431,648518346478173909,[55753 95557  2588],[55769 95581  2587]
348,36818357,2022-11-17 14:28:59.843347+00:00,,t,25,74031561947016735,648518346489559639,74031561947019497,648518346478173909,[ 58007 109711   1851],[ 58015 109735   1852]
349,36818433,2022-11-17 14:28:59.843347+00:00,,t,17,74031561947014236,648518346497328001,74031561947025067,648518346478173909,[ 58089 109797   1850],[ 58105 109775   1851]
350,40085958,2022-11-17 14:28:59.843347+00:00,,t,18,74172025295765819,648518346499756499,74172025295756216,648518346478173909,[ 61627 100717   3289],[ 61599 100731   3289]
351,40901333,2022-11-17 14:28:59.843347+00:00,,t,30,73679443817918112,648518346504748934,73679443817937691,648518346478173909,[ 48707 101593   2721],[ 48729 101565   2721]
353,40949259,2022-11-17 14:28:59.843347+00:00,,t,20,74031218953528106,648518346467165191,74031218953536886,648518346478173909,[57635 99573  2965],[57637 99545  2967]
354,40949277,2022-11-17 14:28:59.843347+00:00,,t,31,74031218953510606,648518346491556776,74031218953488701,648518346478173909,[57707 99507  2962],[57685 99533  2962]
355,40949433,2022-11-17 14:28:59.843347+00:00,,t,37,74031218953599553,648518346497366296,74031218953633009,648518346478173909,[58035 99601  3004],[58049 99577  3005]
356,41216767,2022-11-17 14:28:59.843347+00:00,,t,26,74172300039383295,648518346466684782,74172300039383293,648518346478173909,[ 62593 108575   3015],[ 62551 108567   3017]
357,41216777,2022-11-17 14:28:59.843347+00:00,,t,17,74172300039370796,648518346466684782,74172300039369074,648518346478173909,[ 62623 108635   3012],[ 62593 108645   3012]
358,41216781,2022-11-17 14:28:59.843347+00:00,,t,16,74172300039347884,648518346494222706,74172300039364489,648518346478173909,[ 62585 108747   3009],[ 62607 108717   3011]
359,41287629,2022-11-17 14:28:59.843347+00:00,,t,45,73890481263991414,648518346509452419,73890481263996771,648518346478173909,[ 53975 100119   2623],[ 53967 100149   2623]
360,41287632,2022-11-17 14:28:59.843347+00:00,,t,27,73890481264004493,648518346509452419,73890481263984430,648518346478173909,[ 53973 100147   2625],[ 53967 100179   2625]
361,41621456,2022-11-17 14:28:59.843347+00:00,,t,17,73960781288758665,648518346514074334,73960781288756304,648518346478173909,[55755 97097  2669],[55777 97077  2668]
362,41621629,2022-11-17 14:28:59.843347+00:00,,t,20,73960781288680349,648518346491539112,73960781288652315,648518346478173909,[56173 97255  2630],[56191 97235  2629]
363,8630409,2022-11-17 14:28:59.843347+00:00,,t,25,73820043800228120,648518346497328001,73820043800213259,648518346478173909,[51589 96553  2591],[51617 96555  2591]
364,22802399,2022-11-17 14:28:59.843347+00:00,,t,22,73819975349000735,648518346490333960,73819975349157402,648518346478173909,[52849 96065  3090],[52839 96097  3090]
